{
  "waypoints": [
    {
      "name": "WP2 (2.6,-0.6)",
      "x": 2.620806822694123,
      "y": -0.557699941472343,
      "yaw": -0.893318777267289
    },
    {
      "name": "WP1 (2.0,-0.2)",
      "x": 1.9709656949924752,
      "y": -0.1590880999832554,
      "yaw": -0.15122501332539706
    }
  ]
}